Survived,Pclass,Sex,Age,Embarked_S,Embarked_C
0,3,1,0.2711736617240513,1,0
1,1,0,0.4722292033174164,0,1
1,3,0,0.32143754712239253,1,0
1,1,0,0.43453128926866047,1,0
0,3,1,0.43453128926866047,1,0
0,3,1,0.36792055349407915,0,0
0,1,1,0.6732847449107816,1,0
0,3,1,0.01985423473234481,1,0
1,3,0,0.33400351847197784,1,0
1,2,0,0.17064589092736868,0,1
1,3,0,0.04498617743151546,1,0
1,1,0,0.7235486303091229,1,0
0,3,1,0.24604171902488062,1,0
0,3,1,0.4847951746670017,1,0
0,3,0,0.17064589092736868,1,0
1,2,0,0.6858507162603669,1,0
0,3,1,0.01985423473234481,0,0
1,2,1,0.36792055349407915,1,0
0,3,0,0.38426740387031916,1,0
1,3,0,0.36792055349407915,0,1
0,2,1,0.43453128926866047,1,0
1,2,1,0.42196531791907516,1,0
1,3,0,0.18321186227695402,0,0
1,1,1,0.3465694898215632,1,0
0,3,0,0.09525006282985675,1,0
1,3,0,0.4722292033174164,1,0
0,3,1,0.36792055349407915,0,1
0,1,1,0.23347574767529528,1,0
1,3,0,0.36792055349407915,0,0
0,3,1,0.36792055349407915,1,0
0,1,1,0.4973611460165871,0,1
1,1,0,0.36792055349407915,0,1
1,3,0,0.36792055349407915,0,0
0,2,1,0.8240764011058055,1,0
0,1,1,0.3465694898215632,0,1
0,1,1,0.5224930887157577,1,0
1,3,1,0.36792055349407915,0,1
0,3,1,0.2586076903744659,1,0
0,3,0,0.22090977632570996,1,0
1,3,0,0.17064589092736868,0,1
0,3,0,0.4973611460165871,1,0
0,2,0,0.33400351847197784,1,0
0,3,1,0.36792055349407915,0,1
1,2,0,0.032420206081930136,0,1
1,3,0,0.23347574767529528,0,0
0,3,1,0.36792055349407915,1,0
0,3,1,0.36792055349407915,0,0
1,3,0,0.36792055349407915,0,0
0,3,1,0.36792055349407915,0,1
0,3,0,0.22090977632570996,1,0
0,3,1,0.08268409148027142,1,0
0,3,1,0.2586076903744659,1,0
1,1,0,0.610454888162855,0,1
1,2,0,0.35913546117114853,1,0
0,1,1,0.8115104297562201,0,1
1,1,1,0.36792055349407915,1,0
1,2,0,0.2586076903744659,1,0
0,3,1,0.35285247549635584,0,1
1,2,0,0.05755214878110078,1,0
0,3,1,0.13294797687861273,1,0
0,3,1,0.2711736617240513,0,1
1,1,0,0.4722292033174164,1,0
0,1,1,0.5601910027645137,1,0
0,3,1,0.04498617743151546,1,0
0,1,1,0.36792055349407915,0,1
1,3,1,0.36792055349407915,0,1
1,2,0,0.35913546117114853,1,0
0,3,1,0.23347574767529528,1,0
1,3,0,0.20834380497612465,1,0
0,3,1,0.32143754712239253,1,0
0,2,1,0.39683337521990447,1,0
0,3,0,0.19577783362653933,1,0
0,2,1,0.2586076903744659,1,0
0,3,1,0.32143754712239253,0,1
1,3,1,0.39683337521990447,1,0
0,3,1,0.3088715757728072,1,0
0,3,1,0.36792055349407915,1,0
0,3,1,0.36792055349407915,1,0
1,2,1,0.005152048253329982,1,0
1,3,0,0.37170143252073384,1,0
0,3,1,0.2711736617240513,1,0
1,3,1,0.35913546117114853,1,0
1,3,0,0.36792055349407915,0,0
0,1,1,0.3465694898215632,1,0
1,2,0,0.20834380497612465,1,0
1,3,0,0.4093993465694898,1,0
0,3,1,0.19577783362653933,1,0
0,3,1,0.36792055349407915,1,0
1,1,0,0.2837396330736366,1,0
0,3,1,0.2963056044232219,1,0
0,3,1,0.35913546117114853,1,0
0,3,1,0.24604171902488062,1,0
0,1,1,0.572756974114099,1,0
0,3,1,0.32143754712239253,1,0
0,3,1,0.7361146016587082,1,0
0,3,1,0.36792055349407915,1,0
0,1,1,0.8869062578537321,0,1
1,1,1,0.2837396330736366,0,1
1,2,0,0.42196531791907516,1,0
0,2,1,0.42196531791907516,1,0
0,3,0,0.3465694898215632,1,0
0,3,1,0.36792055349407915,1,0
0,1,1,0.2586076903744659,1,0
0,3,1,0.4093993465694898,1,0
0,3,1,0.4596632319678311,1,0
0,3,1,0.3465694898215632,1,0
1,3,0,0.2586076903744659,1,0
1,3,1,0.36792055349407915,1,0
0,3,1,0.4722292033174164,1,0
1,3,0,0.36792055349407915,0,0
0,1,1,0.5853229454636844,1,0
0,3,0,0.17692887660216136,0,1
0,3,1,0.2711736617240513,1,0
0,3,0,0.24604171902488062,1,0
0,3,0,0.20834380497612465,0,1
0,3,1,0.2586076903744659,1,0
0,3,1,0.8806232721789394,0,0
0,2,1,0.35913546117114853,1,0
0,1,1,0.2963056044232219,0,1
0,3,0,0.01985423473234481,1,0
0,2,1,0.2586076903744659,1,0
0,3,1,0.36792055349407915,1,0
0,2,1,0.40311636089469716,0,1
1,2,0,0.40311636089469716,1,0
0,1,1,0.6732847449107816,1,0
1,3,1,0.14551394822819805,0,1
0,3,1,0.36792055349407915,0,0
1,3,1,0.2963056044232219,1,0
1,3,0,0.36792055349407915,0,1
0,3,1,0.5601910027645137,1,0
0,3,1,0.4093993465694898,0,1
0,3,1,0.24604171902488062,1,0
0,3,0,0.5853229454636844,1,0
1,2,0,0.35913546117114853,1,0
0,2,1,0.3088715757728072,1,0
0,2,1,0.2837396330736366,0,1
1,1,0,0.23347574767529528,1,0
0,1,1,0.4596632319678311,1,0
0,3,1,0.19577783362653933,1,0
0,1,1,0.2963056044232219,0,1
0,3,0,0.36792055349407915,0,1
1,3,0,0.2711736617240513,1,0
1,3,0,0.2963056044232219,1,0
0,3,1,0.23347574767529528,0,0
0,2,1,0.22090977632570996,1,0
0,2,1,0.23347574767529528,1,0
1,3,1,0.33400351847197784,1,0
0,3,0,0.10781603417944208,1,0
0,2,1,0.4533802462930384,1,0
0,2,1,0.5224930887157577,1,0
0,2,1,0.6355868308620256,1,0
1,1,0,0.2711736617240513,1,0
0,3,1,0.6921337019351596,1,0
0,3,1,0.5036441316913798,1,0
0,3,1,0.36792055349407915,1,0
0,1,1,0.6355868308620256,0,1
1,3,0,0.19577783362653933,0,0
0,3,1,0.37170143252073384,1,0
0,3,1,0.36792055349407915,1,0
0,3,1,0.36792055349407915,1,0
0,3,1,0.5476250314149284,1,0
1,2,0,0.4973611460165871,1,0
0,3,1,0.32143754712239253,1,0
0,3,1,0.20834380497612465,1,0
0,3,1,0.007288263382759489,1,0
1,3,1,0.10781603417944208,1,0
1,1,0,0.36792055349407915,1,0
0,3,0,0.5601910027645137,1,0
0,1,1,0.36792055349407915,1,0
0,3,1,0.3465694898215632,1,0
0,1,1,0.7612465443578789,1,0
0,3,1,0.04498617743151546,0,0
1,3,0,0.007288263382759489,1,0
0,3,1,0.2586076903744659,1,0
0,1,1,0.6984166876099522,0,1
0,3,1,0.22090977632570996,1,0
0,3,1,0.36792055349407915,1,0
0,1,0,0.6230208595124404,0,1
0,2,1,0.37170143252073384,1,0
0,3,1,0.4470972606182458,1,0
0,3,0,0.36792055349407915,1,0
0,2,1,0.36792055349407915,0,1
0,3,1,0.10781603417944208,1,0
1,2,1,0.007288263382759489,1,0
1,3,0,0.04498617743151546,1,0
0,1,1,0.36792055349407915,1,0
1,3,0,0.36792055349407915,0,0
1,1,1,0.5601910027645137,1,0
0,3,1,0.4973611460165871,0,0
0,3,1,0.4470972606182458,1,0
1,2,0,0.39683337521990447,1,0
0,2,1,0.23347574767529528,1,0
1,3,0,0.23347574767529528,1,0
1,2,1,0.032420206081930136,1,0
1,1,0,0.5476250314149284,0,1
1,1,0,0.7235486303091229,0,1
0,3,1,0.36792055349407915,0,0
0,3,1,0.5224930887157577,1,0
1,3,0,0.36792055349407915,0,0
0,2,0,0.2963056044232219,1,0
0,3,1,0.3465694898215632,1,0
0,3,1,0.36792055349407915,1,0
0,3,1,0.42196531791907516,1,0
0,3,1,0.5664739884393063,0,1
1,3,1,0.22090977632570996,1,0
0,3,0,0.01985423473234481,1,0
0,3,1,0.39683337521990447,1,0
1,3,1,0.32143754712239253,0,1
1,3,0,0.19577783362653933,0,0
1,1,1,0.4973611460165871,0,1
0,3,1,0.2963056044232219,1,0
1,2,0,0.43453128926866047,1,0
0,3,1,0.2711736617240513,1,0
0,2,1,0.37170143252073384,1,0
0,3,1,0.36792055349407915,0,0
1,1,0,0.38426740387031916,0,1
1,3,0,0.33400351847197784,1,0
0,2,1,0.5224930887157577,1,0
1,1,0,0.39683337521990447,0,1
0,2,1,0.37170143252073384,1,0
1,3,1,0.19577783362653933,1,0
0,2,1,0.33400351847197784,1,0
0,3,1,0.6355868308620256,1,0
0,3,1,0.36792055349407915,1,0
1,1,1,0.4722292033174164,1,0
0,3,1,0.2711736617240513,1,0
1,2,1,0.23347574767529528,1,0
0,3,1,0.2523247046996733,1,0
0,2,1,0.22090977632570996,1,0
0,3,0,0.36792055349407915,1,0
1,1,0,0.43453128926866047,1,0
0,3,1,0.35913546117114853,1,0
0,2,1,0.7361146016587082,1,0
1,3,0,0.05755214878110078,1,0
0,2,1,0.2963056044232219,1,0
0,3,0,0.36792055349407915,1,0
0,2,1,0.5476250314149284,1,0
1,2,0,0.09525006282985675,1,0
0,2,1,0.23347574767529528,1,0
0,2,1,0.4093993465694898,1,0
0,3,0,0.36792055349407915,0,1
1,3,0,0.36792055349407915,0,0
0,2,1,0.35913546117114853,1,0
0,3,1,0.2711736617240513,1,0
0,3,1,0.37170143252073384,0,1
0,1,1,0.5476250314149284,0,0
0,3,0,0.3088715757728072,1,0
1,2,0,0.2963056044232219,1,0
1,1,1,0.4596632319678311,1,0
0,2,1,0.6732847449107816,1,0
0,3,1,0.36792055349407915,1,0
0,3,0,0.35913546117114853,1,0
0,1,1,0.7738125157074642,1,0
0,3,1,0.37170143252073384,1,0
0,3,0,0.5099271173661724,1,0
1,3,0,0.35913546117114853,0,1
1,1,0,0.36792055349407915,0,1
1,1,0,0.37170143252073384,1,0
1,1,0,0.43453128926866047,0,1
1,2,0,0.6230208595124404,1,0
0,3,1,0.36792055349407915,0,0
1,3,1,0.032420206081930136,1,0
0,1,1,0.648152802211611,1,0
0,1,1,0.4973611460165871,1,0
0,3,0,0.36792055349407915,0,0
0,2,1,0.4470972606182458,1,0
0,3,1,0.19577783362653933,1,0
1,3,1,0.3088715757728072,1,0
1,1,0,0.7235486303091229,1,0
1,1,0,0.43453128926866047,1,0
0,1,1,0.36792055349407915,1,0
1,3,1,0.3088715757728072,1,0
1,2,0,0.5099271173661724,1,0
0,1,1,0.4596632319678311,0,1
1,3,0,0.36792055349407915,0,0
1,1,0,0.7863784870570495,1,0
0,3,0,0.5601910027645137,1,0
0,2,1,0.36792055349407915,1,0
0,3,1,0.08268409148027142,0,0
1,3,0,0.43453128926866047,1,0
0,3,1,0.8115104297562201,0,0
0,3,1,0.3465694898215632,1,0
0,3,1,0.19577783362653933,1,0
1,3,1,0.23347574767529528,1,0
0,1,1,0.36792055349407915,1,0
0,3,1,0.4093993465694898,0,1
1,3,1,0.37170143252073384,1,0
0,3,1,0.2711736617240513,1,0
1,2,1,0.5224930887157577,1,0
1,3,0,0.2711736617240513,0,0
1,1,0,0.32143754712239253,1,0
1,1,0,0.23347574767529528,0,1
0,2,1,0.4470972606182458,0,1
0,3,0,0.2963056044232219,1,0
0,3,1,0.2963056044232219,1,0
0,1,1,0.36792055349407915,0,1
0,3,1,0.2900226187484292,0,1
0,1,0,0.01985423473234481,1,0
1,1,1,0.36792055349407915,1,0
1,1,0,0.6230208595124404,0,1
1,3,0,0.36792055349407915,0,0
1,3,1,0.36792055349407915,0,0
0,3,1,0.23347574767529528,1,0
1,2,0,0.36792055349407915,0,0
0,3,1,0.36792055349407915,1,0
1,1,1,0.0062829856747926615,1,0
1,1,0,0.36792055349407915,0,1
1,1,0,0.20834380497612465,0,1
0,2,1,0.37170143252073384,0,1
1,1,0,0.37170143252073384,0,1
1,1,0,0.2963056044232219,0,1
1,1,0,0.22090977632570996,0,1
0,2,0,0.32143754712239253,1,0
0,3,1,0.3465694898215632,1,0
0,2,1,0.5350590600653431,1,0
1,3,0,0.32143754712239253,1,0
1,2,0,0.2963056044232219,1,0
0,2,1,0.6732847449107816,1,0
1,1,0,0.38426740387031916,1,0
1,1,0,0.4973611460165871,0,1
0,3,1,0.2711736617240513,1,0
0,3,1,0.33400351847197784,1,0
1,2,0,0.37170143252073384,0,0
1,2,0,0.2711736617240513,1,0
0,3,1,0.36792055349407915,1,0
1,1,0,0.4470972606182458,0,1
0,3,1,0.7612465443578789,1,0
1,2,0,0.4470972606182458,1,0
1,3,0,0.38426740387031916,1,0
1,1,0,0.19577783362653933,0,1
1,3,0,0.36792055349407915,0,0
0,1,1,0.5664739884393063,1,0
0,1,1,0.4722292033174164,1,0
0,3,1,0.19577783362653933,1,0
1,1,0,0.36792055349407915,1,0
0,3,1,0.36792055349407915,1,0
0,1,1,0.35913546117114853,1,0
1,1,0,0.5099271173661724,0,1
1,3,1,0.5601910027645137,1,0
0,1,1,0.5601910027645137,1,0
1,2,1,0.01985423473234481,1,0
1,1,0,0.2963056044232219,1,0
0,2,1,0.3465694898215632,1,0
0,2,1,0.3088715757728072,1,0
0,2,1,0.4470972606182458,1,0
1,2,0,0.2963056044232219,1,0
1,2,0,0.4973611460165871,1,0
1,3,0,0.36792055349407915,1,0
1,3,1,0.032420206081930136,1,0
0,3,1,0.5224930887157577,1,0
0,3,1,0.2837396330736366,1,0
0,1,1,0.36792055349407915,1,0
0,3,1,0.18321186227695402,0,1
0,3,1,0.3088715757728072,1,0
0,3,1,0.36792055349407915,0,1
0,3,1,0.3465694898215632,1,0
1,1,0,0.2711736617240513,1,0
0,2,0,0.4722292033174164,1,0
1,3,0,0.36792055349407915,0,0
1,3,0,0.36792055349407915,0,0
0,3,1,0.4973611460165871,1,0
0,2,1,0.35913546117114853,0,1
0,3,0,0.5601910027645137,0,1
0,3,1,0.43453128926866047,1,0
0,3,1,0.36792055349407915,0,0
0,3,1,0.37170143252073384,1,0
1,1,0,0.7486805730082935,0,1
1,3,0,0.36792055349407915,0,1
1,3,0,0.36792055349407915,0,0
1,1,0,0.2963056044232219,0,1
1,1,1,0.3088715757728072,0,1
0,3,1,0.22090977632570996,1,0
0,3,1,0.23347574767529528,1,0
0,1,1,0.2711736617240513,0,1
0,3,0,0.032420206081930136,1,0
1,1,0,0.36792055349407915,0,1
1,3,0,0.2711736617240513,1,0
0,1,1,0.33400351847197784,0,1
0,3,1,0.24604171902488062,0,1
0,3,1,0.23347574767529528,1,0
1,1,0,0.5224930887157577,0,1
1,3,0,0.007288263382759489,0,1
0,3,1,0.39683337521990447,1,0
1,1,0,0.43453128926866047,1,0
0,3,1,0.36792055349407915,1,0
0,2,1,0.22090977632570996,1,0
0,3,1,0.007288263382759489,1,0
1,2,0,0.4470972606182458,1,0
0,3,1,0.36792055349407915,0,0
1,2,0,0.20834380497612465,0,1
1,1,1,0.4470972606182458,1,0
1,3,1,0.2586076903744659,1,0
0,3,1,0.3465694898215632,1,0
1,1,0,0.2837396330736366,0,1
1,3,0,0.2963056044232219,1,0
0,3,1,0.2711736617240513,1,0
0,3,0,0.38426740387031916,1,0
0,2,1,0.572756974114099,1,0
0,2,1,0.2837396330736366,1,0
1,2,0,0.3465694898215632,1,0
1,3,1,0.4847951746670017,1,0
0,3,1,0.32143754712239253,1,0
0,3,0,0.2586076903744659,1,0
0,3,1,0.3465694898215632,1,0
0,3,0,0.24604171902488062,1,0
0,2,1,0.42196531791907516,1,0
0,3,1,0.6355868308620256,1,0
1,2,1,0.032420206081930136,1,0
0,3,1,0.2586076903744659,1,0
0,3,0,0.36792055349407915,1,0
0,3,1,0.36792055349407915,1,0
0,3,1,0.36792055349407915,0,0
1,1,0,0.4093993465694898,0,0
0,2,1,0.36792055349407915,1,0
1,3,1,0.5476250314149284,1,0
0,3,0,0.36792055349407915,1,0
1,2,0,0.42196531791907516,1,0
1,2,0,0.22090977632570996,1,0
0,2,1,0.37170143252073384,1,0
0,3,0,0.12038200552902739,1,0
0,3,1,0.36792055349407915,0,1
0,3,1,0.2586076903744659,0,0
0,3,1,0.35913546117114853,1,0
0,3,0,0.3465694898215632,1,0
0,3,1,0.22090977632570996,1,0
0,3,1,0.36792055349407915,1,0
1,2,0,0.3465694898215632,1,0
1,2,0,0.23347574767529528,1,0
0,3,1,0.36792055349407915,0,0
1,3,1,0.39683337521990447,1,0
1,1,1,0.3465694898215632,1,0
1,3,0,0.36792055349407915,1,0
1,2,0,0.5224930887157577,1,0
0,3,1,0.20834380497612465,1,0
0,1,1,0.6230208595124404,1,0
1,1,0,0.17064589092736868,1,0
0,3,0,0.2586076903744659,1,0
1,2,0,0.2963056044232219,1,0
0,1,1,0.7989444584066349,1,0
0,2,1,0.38426740387031916,1,0
1,2,0,0.5601910027645137,1,0
0,3,1,0.24604171902488062,1,0
0,3,1,0.3088715757728072,1,0
1,2,0,0.3465694898215632,1,0
1,3,1,0.36792055349407915,1,0
1,1,1,0.04498617743151546,1,0
1,2,0,0.15807991957778336,1,0
1,1,1,0.42196531791907516,1,0
1,3,0,0.05755214878110078,0,1
1,1,1,0.648152802211611,1,0
0,2,1,0.4470972606182458,1,0
0,3,1,0.36792055349407915,1,0
0,1,1,0.37170143252073384,0,1
1,1,1,0.610454888162855,0,1
0,3,1,0.36792055349407915,1,0
1,3,1,0.35913546117114853,0,1
0,1,1,0.8115104297562201,1,0
1,1,0,0.36792055349407915,1,0
1,2,0,0.6230208595124404,1,0
0,3,1,0.36792055349407915,0,0
1,1,1,0.5978889168132696,1,0
0,3,1,0.42196531791907516,1,0
0,1,1,0.5853229454636844,1,0
0,2,1,0.5978889168132696,1,0
0,3,1,0.36792055349407915,1,0
0,3,1,0.4722292033174164,1,0
0,2,1,0.36792055349407915,1,0
0,1,1,0.6984166876099522,1,0
0,3,1,0.36792055349407915,0,0
1,3,0,0.004146770545363157,0,1
0,3,1,0.36792055349407915,1,0
0,3,1,0.4722292033174164,1,0
1,2,0,0.4093993465694898,1,0
1,2,0,0.2837396330736366,0,1
0,3,0,0.2711736617240513,1,0
0,1,1,0.36792055349407915,1,0
0,2,1,0.42196531791907516,1,0
0,3,1,0.35913546117114853,1,0
0,3,1,0.2711736617240513,1,0
1,3,0,0.01985423473234481,1,0
0,3,1,0.10781603417944208,1,0
0,2,1,0.36792055349407915,1,0
0,3,1,0.6230208595124404,1,0
1,3,0,0.7863784870570495,1,0
1,1,1,0.3088715757728072,0,1
0,3,0,0.36792055349407915,1,0
1,1,0,0.43453128926866047,1,0
0,1,1,0.7235486303091229,0,1
0,3,1,0.37170143252073384,1,0
1,3,1,0.10781603417944208,1,0
0,3,1,0.36792055349407915,1,0
0,3,1,0.2586076903744659,1,0
0,1,1,0.6858507162603669,1,0
0,1,1,0.8869062578537321,0,1
0,3,1,0.2586076903744659,1,0
0,3,1,0.36792055349407915,0,1
1,1,0,0.6732847449107816,0,1
0,3,1,0.36792055349407915,1,0
0,1,0,0.3088715757728072,1,0
0,3,1,0.2963056044232219,1,0
0,3,1,0.20834380497612465,1,0
0,3,0,0.2586076903744659,0,0
0,3,0,0.36792055349407915,0,0
0,3,0,0.4596632319678311,1,0
1,1,0,0.19577783362653933,1,0
0,1,1,0.22090977632570996,0,1
1,2,0,0.4093993465694898,1,0
1,1,1,0.36792055349407915,1,0
0,3,1,0.3465694898215632,1,0
1,3,1,0.32143754712239253,1,0
1,3,1,0.35913546117114853,0,0
0,3,1,0.36792055349407915,1,0
1,1,1,0.4470972606182458,1,0
1,1,0,0.6732847449107816,0,1
0,3,1,0.2963056044232219,1,0
0,1,1,0.5853229454636844,1,0
1,2,0,0.42196531791907516,1,0
0,3,1,0.36792055349407915,0,0
1,2,0,0.4470972606182458,1,0
0,3,1,0.39683337521990447,1,0
1,1,0,0.37170143252073384,1,0
0,3,1,0.2711736617240513,1,0
0,3,1,0.36792055349407915,0,1
1,1,0,0.5476250314149284,0,1
0,3,1,0.36792055349407915,0,1
0,3,1,0.5036441316913798,0,0
1,2,0,0.6230208595124404,1,0
0,1,1,0.36792055349407915,1,0
0,3,1,0.4847951746670017,1,0
0,2,1,0.2837396330736366,1,0
1,2,0,0.01985423473234481,1,0
0,3,1,0.36792055349407915,0,1
0,3,1,0.20834380497612465,0,1
1,3,0,0.36792055349407915,0,1
0,3,0,0.37170143252073384,1,0
1,2,0,0.08268409148027142,1,0
0,1,1,0.5601910027645137,1,0
1,1,0,0.37170143252073384,0,1
0,3,1,0.36792055349407915,1,0
1,1,0,0.2711736617240513,0,1
1,1,0,0.4470972606182458,1,0
0,3,0,0.10781603417944208,1,0
0,3,0,0.13294797687861273,1,0
1,2,1,0.39683337521990447,1,0
0,1,1,0.6230208595124404,0,1
0,1,1,0.7989444584066349,1,0
1,2,0,0.23347574767529528,1,0
1,2,1,0.36792055349407915,0,1
0,3,1,0.4093993465694898,1,0
1,2,1,0.09525006282985675,1,0
1,1,1,0.20834380497612465,0,1
0,2,1,0.33400351847197784,1,0
0,3,1,0.36792055349407915,0,0
1,3,1,0.2711736617240513,0,1
1,3,0,0.2711736617240513,1,0
0,1,1,0.7738125157074642,1,0
1,1,0,0.5978889168132696,0,1
0,1,1,0.36792055349407915,0,1
1,1,0,0.4847951746670017,1,0
1,3,0,0.4470972606182458,1,0
0,3,1,0.36792055349407915,0,0
0,3,1,0.4973611460165871,1,0
0,2,1,0.3465694898215632,1,0
0,3,1,0.36792055349407915,1,0
0,3,0,0.36792055349407915,1,0
0,3,1,0.2963056044232219,1,0
0,3,1,0.23347574767529528,1,0
0,3,0,0.35913546117114853,1,0
0,3,1,0.36792055349407915,0,1
1,3,1,0.39683337521990447,1,0
1,2,1,0.7738125157074642,1,0
1,1,0,0.6607187735611962,1,0
1,1,1,0.4470972606182458,1,0
1,3,0,0.36792055349407915,0,0
0,3,1,0.19577783362653933,1,0
0,3,1,0.23347574767529528,1,0
1,2,0,0.42196531791907516,1,0
1,1,0,0.4847951746670017,1,0
0,3,0,0.36792055349407915,0,1
1,3,1,0.39683337521990447,1,0
1,2,0,0.3088715757728072,1,0
1,1,0,0.4847951746670017,0,1
0,2,1,0.6732847449107816,1,0
0,1,1,0.4470972606182458,0,1
0,3,1,0.36792055349407915,0,1
1,1,0,0.22090977632570996,1,0
0,2,1,0.5853229454636844,1,0
1,1,1,0.7486805730082935,0,1
0,3,1,0.2711736617240513,1,0
0,3,1,0.36792055349407915,1,0
0,3,1,0.43453128926866047,1,0
1,1,0,0.648152802211611,0,1
0,3,1,0.5853229454636844,1,0
0,3,0,0.36792055349407915,0,0
0,2,1,0.4596632319678311,1,0
0,3,1,0.4470972606182458,1,0
1,2,0,0.36792055349407915,1,0
0,3,1,0.610454888162855,1,0
0,3,1,0.36792055349407915,0,1
1,1,1,0.610454888162855,0,1
1,2,0,0.2963056044232219,1,0
0,3,1,0.36792055349407915,1,0
0,1,1,0.36792055349407915,1,0
0,3,1,0.5476250314149284,1,0
1,1,1,0.43453128926866047,0,1
0,3,1,0.4470972606182458,1,0
0,3,1,0.37170143252073384,1,0
1,1,1,0.33400351847197784,1,0
1,2,0,0.2711736617240513,0,1
1,1,0,0.4973611460165871,1,0
0,3,0,0.4847951746670017,1,0
0,3,1,0.36792055349407915,1,0
1,3,0,0.36792055349407915,0,0
0,3,1,0.36792055349407915,0,0
0,3,1,0.43453128926866047,1,0
1,2,0,0.2963056044232219,1,0
0,3,1,0.42196531791907516,1,0
0,3,0,0.32143754712239253,1,0
1,2,0,0.04498617743151546,1,0
0,2,1,0.32143754712239253,1,0
0,3,1,0.33400351847197784,0,1
1,1,1,0.5224930887157577,1,0
1,3,1,0.24604171902488062,0,1
0,3,1,0.2586076903744659,1,0
0,3,1,0.2586076903744659,1,0
0,1,1,0.7612465443578789,1,0
0,2,1,0.7109826589595376,0,0
1,1,0,0.2586076903744659,1,0
0,3,1,0.32143754712239253,1,0
0,3,1,0.36792055349407915,0,0
1,1,1,1.0,1,0
0,3,1,0.6355868308620256,1,0
1,1,1,0.39683337521990447,0,1
0,1,1,0.36792055349407915,1,0
0,3,0,0.10781603417944208,1,0
1,2,0,0.3465694898215632,1,0
0,3,1,0.39683337521990447,1,0
0,2,1,0.38426740387031916,1,0
0,3,0,0.5099271173661724,1,0
0,3,1,0.36792055349407915,1,0
0,3,1,0.24604171902488062,1,0
1,1,0,0.2963056044232219,0,1
0,3,0,0.01985423473234481,1,0
1,3,1,0.36792055349407915,1,0
1,3,0,0.004146770545363157,0,1
1,1,1,0.5978889168132696,0,1
0,3,1,0.23347574767529528,1,0
1,1,1,0.6984166876099522,0,1
0,3,1,0.36792055349407915,1,0
1,3,0,0.2837396330736366,1,0
0,3,1,0.36792055349407915,1,0
1,2,0,0.22090977632570996,1,0
0,3,1,0.2586076903744659,1,0
1,3,0,0.36792055349407915,0,0
0,3,0,0.22090977632570996,0,0
0,2,1,0.2963056044232219,1,0
0,3,1,0.36792055349407915,1,0
0,3,0,0.39683337521990447,0,0
0,2,1,0.2837396330736366,1,0
0,1,1,0.7235486303091229,0,1
1,1,1,0.6230208595124404,1,0
0,3,1,0.4973611460165871,0,1
0,1,1,0.5853229454636844,1,0
0,3,1,0.4470972606182458,1,0
1,3,1,0.24604171902488062,1,0
0,2,1,0.39683337521990447,1,0
0,2,1,0.3088715757728072,1,0
0,3,1,0.36792055349407915,1,0
0,3,1,0.5350590600653431,1,0
1,1,0,0.36792055349407915,1,0
1,2,0,0.4973611460165871,1,0
0,1,1,0.38426740387031916,1,0
0,2,1,0.8743402865041467,1,0
1,2,1,0.38426740387031916,1,0
0,2,1,0.36792055349407915,1,0
0,3,1,0.22090977632570996,1,0
0,3,1,0.3025885900980146,1,0
1,3,0,0.22090977632570996,1,0
0,3,0,0.5350590600653431,1,0
1,1,1,0.4470972606182458,0,1
0,3,0,0.36792055349407915,0,0
1,1,1,0.33400351847197784,0,1
0,3,1,0.24604171902488062,1,0
0,3,1,0.17064589092736868,1,0
0,2,1,0.7486805730082935,1,0
0,2,1,0.3088715757728072,0,1
0,3,1,0.17064589092736868,1,0
0,3,1,0.23347574767529528,1,0
0,3,1,0.22090977632570996,1,0
1,1,0,0.18321186227695402,1,0
1,1,1,0.38426740387031916,1,0
1,3,0,0.04498617743151546,0,1
1,3,1,0.36792055349407915,1,0
0,3,1,0.3088715757728072,0,1
0,1,1,0.7486805730082935,1,0
0,2,1,0.648152802211611,1,0
0,3,1,0.5476250314149284,1,0
1,3,0,0.36792055349407915,0,0
0,1,1,0.610454888162855,0,1
0,3,1,0.5224930887157577,1,0
1,1,0,0.22090977632570996,0,1
1,1,1,0.43453128926866047,1,0
0,3,0,0.22090977632570996,0,1
0,3,1,0.3088715757728072,0,0
0,3,1,0.32143754712239253,1,0
0,2,1,0.4847951746670017,1,0
1,2,0,0.5601910027645137,1,0
1,1,1,0.5224930887157577,1,0
1,1,0,0.2711736617240513,1,0
1,3,1,0.36792055349407915,0,1
1,1,0,0.2963056044232219,0,1
0,1,1,0.36792055349407915,1,0
1,1,1,0.5978889168132696,1,0
0,3,1,0.35913546117114853,1,0
0,2,1,0.648152802211611,1,0
0,3,1,0.23347574767529528,1,0
1,1,0,0.4722292033174164,0,1
1,2,0,0.33400351847197784,1,0
0,3,1,0.36792055349407915,0,0
0,3,1,0.4093993465694898,1,0
1,2,0,0.0701181201306861,1,0
0,3,1,0.20834380497612465,1,0
0,2,1,0.42196531791907516,1,0
0,2,1,0.6230208595124404,1,0
1,1,1,0.33400351847197784,1,0
0,3,1,0.24604171902488062,1,0
1,2,0,0.37170143252073384,1,0
1,3,0,0.36792055349407915,0,0
0,2,1,0.3088715757728072,1,0
0,3,0,0.3088715757728072,1,0
1,1,0,0.35913546117114853,1,0
0,3,1,0.13294797687861273,0,1
0,2,1,0.36792055349407915,1,0
0,2,1,0.2837396330736366,1,0
0,2,1,0.2837396330736366,1,0
0,3,1,0.35285247549635584,1,0
0,3,0,0.5978889168132696,1,0
1,1,1,0.43453128926866047,0,1
0,3,1,0.36792055349407915,1,0
0,3,1,0.36792055349407915,1,0
1,1,1,0.36792055349407915,1,0
0,1,1,0.4470972606182458,1,0
1,1,0,0.2586076903744659,0,1
0,3,1,0.2963056044232219,1,0
1,3,1,0.38426740387031916,1,0
0,1,1,0.8743402865041467,1,0
0,3,1,0.19577783362653933,1,0
1,2,0,0.37170143252073384,1,0
0,1,1,0.23347574767529528,1,0
0,3,1,0.38426740387031916,0,0
1,2,0,0.04498617743151546,1,0
1,3,1,0.0701181201306861,1,0
0,3,1,0.4093993465694898,1,0
0,3,1,0.2837396330736366,1,0
1,2,0,0.5978889168132696,1,0
1,2,1,0.0031414928373963316,1,0
0,3,1,0.3465694898215632,1,0
0,2,1,0.22090977632570996,1,0
0,3,1,0.42196531791907516,1,0
1,1,0,0.4093993465694898,1,0
0,3,1,0.36792055349407915,1,0
0,3,1,0.5099271173661724,1,0
1,3,1,0.24604171902488062,0,1
1,1,0,0.4470972606182458,1,0
0,3,1,0.19577783362653933,1,0
1,1,0,0.6355868308620256,1,0
0,1,1,0.36792055349407915,0,1
0,3,0,0.37798441819552653,0,0
0,3,1,0.36792055349407915,0,0
0,3,1,0.39683337521990447,1,0
0,3,1,0.2963056044232219,1,0
0,3,1,0.5978889168132696,1,0
0,2,0,0.7109826589595376,1,0
0,3,1,0.36792055349407915,0,1
1,2,0,0.6732847449107816,1,0
0,3,1,0.22090977632570996,1,0
0,3,1,0.36792055349407915,0,0
1,3,0,0.05755214878110078,1,0
0,3,1,0.36792055349407915,0,0
1,1,0,0.5350590600653431,1,0
1,3,0,0.15807991957778336,0,1
1,1,0,0.20834380497612465,1,0
0,1,1,0.35913546117114853,1,0
0,3,1,0.36792055349407915,1,0
0,3,1,0.3088715757728072,1,0
0,3,1,0.3088715757728072,1,0
1,3,0,0.22090977632570996,1,0
0,3,1,0.09525006282985675,0,0
1,3,1,0.007288263382759489,1,0
0,1,1,0.572756974114099,0,1
0,3,1,0.36792055349407915,0,0
0,2,1,0.19577783362653933,1,0
0,3,0,0.36792055349407915,1,0
0,1,1,0.36792055349407915,0,1
0,3,1,0.3088715757728072,1,0
0,2,1,0.4847951746670017,1,0
1,1,0,0.610454888162855,1,0
1,3,0,0.38426740387031916,1,0
0,3,1,0.37170143252073384,0,1
0,3,0,0.37170143252073384,1,0
0,2,1,0.42196531791907516,1,0
1,2,0,0.38426740387031916,1,0
1,1,1,0.13294797687861273,1,0
1,3,1,0.0,0,1
1,3,1,0.33400351847197784,1,0
0,3,1,0.38426740387031916,1,0
0,1,1,0.4847951746670017,1,0
0,3,0,0.22090977632570996,1,0
0,2,1,0.4847951746670017,1,0
1,1,0,0.4093993465694898,1,0
0,3,1,0.32143754712239253,1,0
0,3,1,0.4847951746670017,1,0
0,2,1,0.43453128926866047,1,0
0,3,0,0.0701181201306861,1,0
0,3,1,0.37798441819552653,1,0
0,1,1,0.36792055349407915,1,0
0,3,0,0.2837396330736366,1,0
0,2,1,0.38426740387031916,0,1
0,3,1,0.5350590600653431,1,0
0,3,1,0.12038200552902739,1,0
1,1,0,0.648152802211611,1,0
1,3,1,0.33400351847197784,1,0
0,1,1,0.4722292033174164,1,0
1,3,0,0.33400351847197784,1,0
0,3,1,0.01985423473234481,1,0
0,3,1,0.36792055349407915,0,0
0,3,1,0.36792055349407915,1,0
1,2,1,0.007288263382759489,0,1
1,3,1,0.36792055349407915,0,0
1,1,0,0.7738125157074642,1,0
1,3,0,0.18321186227695402,0,1
1,2,1,0.005152048253329982,1,0
0,3,1,0.36792055349407915,0,1
0,3,1,0.2837396330736366,1,0
0,3,1,0.22090977632570996,1,0
1,1,0,0.4847951746670017,0,1
0,3,1,0.2586076903744659,1,0
0,3,1,0.36792055349407915,1,0
1,3,1,0.39683337521990447,1,0
1,1,1,0.36792055349407915,0,1
0,3,1,0.24604171902488062,1,0
0,2,1,0.19577783362653933,1,0
1,1,0,0.37170143252073384,0,1
0,3,1,0.4282483035938678,0,1
0,3,1,0.20834380497612465,1,0
0,3,1,0.5224930887157577,1,0
0,3,1,0.36792055349407915,1,0
0,3,1,0.43453128926866047,0,1
0,2,1,0.3465694898215632,1,0
1,1,0,0.36792055349407915,0,1
0,3,1,0.04498617743151546,1,0
0,3,1,0.9246041719024881,1,0
0,3,0,0.10781603417944208,0,1
1,1,0,0.19577783362653933,1,0
0,2,0,0.5476250314149284,1,0
1,3,0,0.22090977632570996,1,0
1,1,0,0.5601910027645137,1,0
1,1,1,0.6355868308620256,1,0
1,3,0,0.2963056044232219,0,1
0,3,1,0.36792055349407915,0,1
0,3,1,0.5099271173661724,1,0
0,2,1,0.2586076903744659,1,0
1,1,0,0.5978889168132696,1,0
0,3,0,0.36792055349407915,1,0
0,2,1,0.2963056044232219,1,0
1,2,0,0.5224930887157577,1,0
1,2,0,0.33400351847197784,0,1
0,1,1,0.38426740387031916,1,0
0,3,1,0.36792055349407915,1,0
1,3,1,0.04498617743151546,1,0
0,3,1,0.32143754712239253,1,0
1,1,0,0.5853229454636844,1,0
0,1,1,0.4093993465694898,1,0
0,3,1,0.5853229454636844,1,0
1,2,0,0.3465694898215632,0,1
1,3,0,0.18321186227695402,0,1
0,3,1,0.24604171902488062,1,0
0,3,1,0.23347574767529528,1,0
0,3,1,0.36792055349407915,1,0
1,1,0,0.6984166876099522,0,1
1,2,0,0.3088715757728072,1,0
0,3,1,0.4093993465694898,1,0
0,3,0,0.2711736617240513,1,0
0,2,1,0.3465694898215632,1,0
0,3,1,0.3088715757728072,1,0
0,3,0,0.4847951746670017,0,0
0,2,1,0.33400351847197784,1,0
1,1,0,0.23347574767529528,1,0
0,3,0,0.36792055349407915,1,0
1,1,1,0.32143754712239253,0,1
0,3,1,0.39683337521990447,0,0
